insert into program (program_id, program_name, description, created_by, created_date)
values (101, 'Weight Loss Program', 'Weight loss programs that offer counseling and education, 3 Months Duration', 'system', '2022-12-02 12:00:00');
insert into program (program_id, program_name, description, created_by, created_date)
values (102, 'Ergonomic Program', 'Ergonomic assessments and equipment', 'system', '2022-12-02 12:00:00');
insert into program (program_id, program_name, description, created_by, created_date)
values (103, 'Health Wealth Program', 'Health and Wealth care for individuals', 'system', '2022-12-02 12:00:00');
insert into program (program_id, program_name, description, created_by, created_date)
values (104, 'eaps', 'Employee Assistance Programs', 'system', '2022-12-02 12:00:00');
insert into program (program_id, program_name, description, created_by, created_date)
values (105, 'Self Management Program', 'Chronic disease self-management tools', 'system', '2022-12-02 12:00:00');
insert into program (program_id, program_name, description, created_by, created_date)
values (106, 'Anti Depression', 'Anti Depression Program', 'system', '2022-12-02 12:00:00');
insert into program (program_id, program_name, description, created_by, created_date)
values (107, 'Family Care', 'Customized health care program for entire family', 'system', '2022-12-02 12:00:00');

insert into activity (activity_id, activity, description, video, program_id, created_by, created_date)
values (1001, 'Register 101', 'Registration for the Weight Loss Program', '', 101, 'system', '2022-12-02 12:00:00');
insert into activity (activity_id, activity, description, video, program_id, created_by, created_date)
values (1002, 'Stage 1', 'Watch video clip with in first Month', 'https://joy1.videvo.net/videvo_files/video/free/video0462/large_watermarked/_import_60f12798440071.31111929_preview.mp4', 101, 'system', '2022-12-02 12:00:00');
insert into activity (activity_id, activity, description, video, program_id, created_by, created_date)
values (1003, 'Stage 2', 'Watch video clip with in second Month', 'https://joy.videvo.net/videvo_files/video/premium/video0235/large_watermarked/NO%20MR_STOCK%20FOOTAGE%20NO%20MR%20(505)_preview.mp4', 101, 'system', '2022-12-02 12:00:00');
insert into activity (activity_id, activity, description, video, program_id, created_by, created_date)
values (1004, 'Stage 3', 'Watch video clip with in third Month', 'https://joy.videvo.net/videvo_files/video/premium/video0235/large_watermarked/NO%20MR_STOCK%20FOOTAGE%20NO%20MR%20(544)_preview.mp4', 101, 'system', '2022-12-02 12:00:00');
insert into activity (activity_id, activity, description, video, program_id, created_by, created_date)
values (1005, 'Weight Loss Achievement', 'Completed 3 Months Weight Loss Program', '', 101, 'system', '2022-12-02 12:00:00');
insert into activity (activity_id, activity, description, video, program_id, created_by, created_date)
values (1006, 'Register 102', 'Registration for the Ergonomics Program', '', 102, 'system', '2022-12-02 12:00:00');
insert into activity (activity_id, activity, description, video, program_id, created_by, created_date)
values (1007, 'Physical Ergonomics', 'Completed Organizational Ergonomics', 'https://joy.videvo.net/videvo_files/video/premium/video0235/large_watermarked/NO%20MR_STOCK%20FOOTAGE%20NO%20MR%20(810)_preview.mp4', 102, 'system', '2022-12-02 12:00:00');
insert into activity (activity_id, activity, description, video, program_id, created_by, created_date)
values (1008, 'Cognitive Ergonomics', 'Completed Cognitive Ergonomics', 'https://joy.videvo.net/videvo_files/video/premium/partners0406/large_watermarked/BB_e6830c9f-5595-4c60-86bf-6224b0a56c67_preview.mp4', 102, 'system', '2022-12-02 12:00:00');
insert into activity (activity_id, activity, description, video, program_id, created_by, created_date)
values (1009, 'Organizational Ergonomics', 'Completed Organizational Ergonomics', 'https://joy.videvo.net/videvo_files/video/premium/video0222/large_watermarked/NO%20MR_ADDITIONAL%20STOCK%20FOOTAGE%202%20NO%20MODEL%20RELEASE%20(65)_preview.mp4', 102, 'system', '2022-12-02 12:00:00');
insert into activity (activity_id, activity, description, video, program_id, created_by, created_date)
values (1010, 'Ergonomics Achievement', 'Completed 3 Months Ergonomics Program', '', 102, 'system', '2022-12-02 12:00:00');
insert into activity (activity_id, activity, description, video, program_id, created_by, created_date)
values (1011, 'Register 103', 'Registration for the Health Wealth Program', '',  103, 'system', '2022-12-02 12:00:00');
insert into activity (activity_id, activity, description, video, program_id, created_by, created_date)
values (1012, 'Session 1', 'Completed Session 1 for the Health Wealth Program', 'https://cdn.videvo.net/videvo_files/video/premium/getty_9/large_watermarked/istock-963280000_preview.mp4',  103, 'system', '2022-12-02 12:00:00');
insert into activity (activity_id, activity, description, video, program_id, created_by, created_date)
values (1013, 'Session 2', 'Completed Session 2 for the Health Wealth Program', 'https://joy1.videvo.net/videvo_files/video/free/2019-01/large_watermarked/181015_13_Venice%20Beach%20Drone_25_preview.mp4', 103, 'system', '2022-12-02 12:00:00');
insert into activity (activity_id, activity, description, video, program_id, created_by, created_date)
values (1014, 'Session 3', 'Completed Session 3 for the Health Wealth Program', 'https://joy1.videvo.net/videvo_files/video/free/2019-01/large_watermarked/181015_12b_Venice%20Beach_014_preview.mp4', 103, 'system', '2022-12-02 12:00:00');
insert into activity (activity_id, activity, description, video, program_id, created_by, created_date)
values (1015, 'Health Wealth Achievement', 'Completed 3 Sessions Health Wealth Program', '', 103, 'system', '2022-12-02 12:00:00');
insert into activity (activity_id, activity, description, video, program_id, created_by, created_date)
values (1016, 'Register 104', 'Registration for the Self Management Program', '', 104, 'system', '2022-12-02 12:00:00');
insert into activity (activity_id, activity, description, video, program_id, created_by, created_date)
values (1017, 'Self Management Completed', 'Completed Self Management Program', 'https://joy1.videvo.net/videvo_files/video/free/2019-01/large_watermarked/181015_12b_Venice%20Beach_001_preview.mp4', 104, 'system', '2022-12-02 12:00:00');
insert into activity (activity_id, activity, description, video, program_id, created_by, created_date)
values (1018, 'Register 105', 'Registration for the Employee Assistance Program', 'https://joy1.videvo.net/videvo_files/video/free/2015-07/large_watermarked/A0425_F1502_H2_807_1105_Videvo_preview.mp4', 105, 'system', '2022-12-02 12:00:00');
insert into activity (activity_id, activity, description, video, program_id, created_by, created_date)
values (1019, 'Employee Assistance Completed', 'Completed Employee Assistance Program', '', 105, 'system', '2022-12-02 12:00:00');
insert into activity (activity_id, activity, description, video, program_id, created_by, created_date)
values (1020, 'Register 106', 'Registration for the Anti Depression Program', '', 106, 'system', '2022-12-02 12:00:00');
insert into activity (activity_id, activity, description, video, program_id, created_by, created_date)
values (1021, 'Therapy 1', 'Completed Session 1 for the Anti Depression Program', 'https://joy1.videvo.net/videvo_files/video/free/2016-09/large_watermarked/160820_010_NYC_GrandCentralStationClock2_1080p_preview.mp4', 106, 'system', '2022-12-02 12:00:00');
insert into activity (activity_id, activity, description, video, program_id, created_by, created_date)
values (1022, 'Therapy 2', 'Completed Session 2 for the Anti Depression Program', 'https://joy1.videvo.net/videvo_files/video/free/2016-09/large_watermarked/160820_121_NYC_OutOfFocusCarLights_1080p_preview.mp4', 106, 'system', '2022-12-02 12:00:00');
insert into activity (activity_id, activity, description, video, program_id, created_by, created_date)
values (1023, 'Therapy 3', 'Completed Session 3 for the Anti Depression Program', 'https://joy1.videvo.net/videvo_files/video/free/2016-09/large_watermarked/160820_032_NYC_RainStreet2_1080p_preview.mp4', 106, 'system', '2022-12-02 12:00:00');
insert into activity (activity_id, activity, description, video, program_id, created_by, created_date)
values (1024, 'Anti Depression Completed', 'Completed 3 Therapy Anti Depression Program', '', 106, 'system', '2022-12-02 12:00:00');
insert into activity (activity_id, activity, description, video, program_id, created_by, created_date)
values (1025, 'Register 107', 'Registration for the Family Care Program', '', 107, 'system', '2022-12-02 12:00:00');
insert into activity (activity_id, activity, description, video, program_id, created_by, created_date)
values (1026, 'Family Care Completed', 'Completed Family Care Program',  'https://joy1.videvo.net/videvo_files/video/free/2016-09/large_watermarked/160820_233_NYC_TimeSquare5_1080p_preview.mp4', 107, 'system', '2022-12-02 12:00:00');


insert into questionnaire (questionnaire_id, question, answer, created_by, created_date)
values (1, 'How often can we take an doctor appointment in a week?', '2 times maximum', 'system', '2022-12-02 12:00:00');
insert into questionnaire (questionnaire_id, question, answer, created_by, created_date)
values (2, 'What all health insurance are covered in your hospital?', 'we are covered with all public and private insurences', 'system', '2022-12-02 12:00:00');
insert into questionnaire (questionnaire_id, question, answer, created_by, created_date)
values (3, 'Will you cover the physio therapy in your health care center', 'yes, we cover the physio theraphy', 'system', '2022-12-02 12:00:00');
insert into questionnaire (questionnaire_id, question, answer, created_by, created_date)
values (4, 'Do you have cardiology specialist in your health care center?', 'yes, we have cardiology specialist dr. sam', 'system', '2022-12-02 12:00:00');
insert into questionnaire (questionnaire_id, question, answer, created_by, created_date)
values (5, 'What are the working hours?', 'all days from 8am to 6pm', 'system', '2022-12-02 12:00:00');

insert into reward (reward_id, reward_name, description, created_by, created_date)
values (1001, 'Best Newbie', 'best new joiner of the fitness program', 'system', '2022-12-02 12:00:00');
insert into reward (reward_id, reward_name, description, created_by, created_date)
values (1002, 'Shooting Star', 'best customer of the month', 'system', '2022-12-02 12:00:00');
insert into reward (reward_id, reward_name, description, created_by, created_date)
values (1003, 'Quick Five', 'fastest to subscribe 5 programs', 'system', '2022-12-02 12:00:00');
insert into reward (reward_id, reward_name, description, created_by, created_date)
values (1004, 'Grand Master', 'grand master of all subscriptions', 'system', '2022-12-02 12:00:00');


insert into question (question_id, question, category, question_level, created_by, created_date)
values (1, 'Is the program?', 'general', 0, 'system', '2022-12-02 12:00:00');
insert into question (question_id, question, category, question_level, created_by, created_date)
values (2, 'Select your sex', 'general', 0, 'system', '2022-12-02 12:00:00');
insert into question (question_id, question, category, question_level, created_by, created_date)
values (3, 'Enter the age', 'general', 0, 'system', '2022-12-02 12:00:00');
insert into question (question_id, question, category, question_level, created_by, created_date)
values (4, 'Which program are you looking for?', 'general', 0, 'system', '2022-12-02 12:00:00');
insert into question (question_id, question, category, question_level, created_by, created_date)
values (5, 'Which part of your body is having an issue?', 'physical', 1, 'system', '2022-12-02 12:00:00');
insert into question (question_id, question, category, question_level, created_by, created_date)
values (6, 'Do you have any of the following symptoms?', 'head', 2, 'system', '2022-12-02 12:00:00');
insert into question (question_id, question, category, question_level, created_by, created_date)
values (7, 'Do you have any of the following symptoms?', 'chest', 2, 'system', '2022-12-02 12:00:00');
insert into question (question_id, question, category, question_level, created_by, created_date)
values (8, 'do you have any of the following symptoms?', 'abdomen', 2, 'system', '2022-12-02 12:00:00');
insert into question (question_id, question, category, question_level, created_by, created_date)
values (9, 'Do you have any of the following symptoms?', 'legs', 2, 'system', '2022-12-02 12:00:00');
insert into question (question_id, question, category, question_level, created_by, created_date)
values (10, 'Do you have mental stress due to', 'mental', 1, 'system', '2022-12-02 12:00:00');
insert into question (question_id, question, category, question_level, created_by, created_date)
values (11, 'Thoughts that you would be better off dead, or of hurting yourself', 'depression', 2, 'system', '2022-12-02 12:00:00');
insert into question (question_id, question, category, question_level, created_by, created_date)
values (12, 'Trouble concentrating on things, such as reading the newspaper or watching television', 'depression', 3, 'system', '2022-12-02 12:00:00');
insert into question (question_id, question, category, question_level, created_by, created_date)
values (13, 'Feeling bad about yourself - or that you are a failure or have let yourself or your family down', 'depression', 4, 'system', '2022-12-02 12:00:00');
insert into question (question_id, question, category, question_level, created_by, created_date)
values (14, 'Not being able to stop or control worrying', 'anxiety', 2, 'system', '2022-12-02 12:00:00');
insert into question (question_id, question, category, question_level, created_by, created_date)
values (15, 'Becoming easily annoyed or irritable', 'anxiety', 3, 'system', '2022-12-02 12:00:00');
insert into question (question_id, question, category, question_level, created_by, created_date)
values (16, 'Feeling afraid, as if something awful might happen', 'anxiety', 4, 'system', '2022-12-02 12:00:00');
insert into question (question_id, question, category, question_level, created_by, created_date)
values (17, 'How often do you have this?', 'headache', 3, 'system', '2022-12-02 12:00:00');
insert into question (question_id, question, category, question_level, created_by, created_date)
values (18, 'Do you take any medication?', 'headache', 4, 'system', '2022-12-02 12:00:00');



insert into answer (answer_id, answer, question_id, program_id, created_by, created_date)
values (1,'For you', 1, null, 'system', '2022-12-02 12:00:00');
insert into answer (answer_id, answer, question_id, program_id, created_by, created_date)
values (2,'For someone else', 1, null, 'system', '2022-12-02 12:00:00');
insert into answer (answer_id, answer, question_id, program_id, created_by, created_date)
values (3,'Male', 2, null, 'system', '2022-12-02 12:00:00');
insert into answer (answer_id, answer, question_id, program_id, created_by, created_date)
values (4,'Female', 2, null, 'system', '2022-12-02 12:00:00');
insert into answer (answer_id, answer, question_id, program_id, created_by, created_date)
values (5,'Physical', 4, null, 'system', '2022-12-02 12:00:00');
insert into answer (answer_id, answer, question_id, program_id, created_by, created_date)
values (6,'Mental', 4, null, 'system', '2022-12-02 12:00:00');
insert into answer (answer_id, answer, question_id, program_id, created_by, created_date)
values (7,'Head', 5, null, 'system', '2022-12-02 12:00:00');
insert into answer (answer_id, answer, question_id, program_id, created_by, created_date)
values (8,'Chest', 5, null, 'system', '2022-12-02 12:00:00');
insert into answer (answer_id, answer, question_id, program_id, created_by, created_date)
values (9,'Abdomen', 5, null, 'system', '2022-12-02 12:00:00');
insert into answer (answer_id, answer, question_id, program_id, created_by, created_date)
values (10,'Legs', 5, null, 'system', '2022-12-02 12:00:00');
insert into answer (answer_id, answer, question_id, program_id, created_by, created_date)
values (11,'Headache', 6, null, 'system', '2022-12-02 12:00:00');
insert into answer (answer_id, answer, question_id, program_id, created_by, created_date)
values (12,'Face pain', 6, null, 'system', '2022-12-02 12:00:00');
insert into answer (answer_id, answer, question_id, program_id, created_by, created_date)
values (13,'Sinus pain', 6, null, 'system', '2022-12-02 12:00:00');
insert into answer (answer_id, answer, question_id, program_id, created_by, created_date)
values (14,'Facial muscle weakness', 6, null, 'system', '2022-12-02 12:00:00');
insert into answer (answer_id, answer, question_id, program_id, created_by, created_date)
values (15,'Chest pain', 7, null, 'system', '2022-12-02 12:00:00');
insert into answer (answer_id, answer, question_id, program_id, created_by, created_date)
values (16,'Heartburn', 7, null, 'system', '2022-12-02 12:00:00');
insert into answer (answer_id, answer, question_id, program_id, created_by, created_date)
values (17,'Palpitations', 7, null, 'system', '2022-12-02 12:00:00');
insert into answer (answer_id, answer, question_id, program_id, created_by, created_date)
values (18,'Fast heart rate', 7, null, 'system', '2022-12-02 12:00:00');
insert into answer (answer_id, answer, question_id, program_id, created_by, created_date)
values (19,'Chest pain', 7, null, 'system', '2022-12-02 12:00:00');
insert into answer (answer_id, answer, question_id, program_id, created_by, created_date)
values (20,'Heartburn', 7, null, 'system', '2022-12-02 12:00:00');
insert into answer (answer_id, answer, question_id, program_id, created_by, created_date)
values (21,'Palpitations', 7, null, 'system', '2022-12-02 12:00:00');
insert into answer (answer_id, answer, question_id, program_id, created_by, created_date)
values (22,'Fast heart rate', 7, null, 'system', '2022-12-02 12:00:00');
insert into answer (answer_id, answer, question_id, program_id, created_by, created_date)
values (23,'Stomach pain', 8, null, 'system', '2022-12-02 12:00:00');
insert into answer (answer_id, answer, question_id, program_id, created_by, created_date)
values (24,'Burning', 8, null, 'system', '2022-12-02 12:00:00');
insert into answer (answer_id, answer, question_id, program_id, created_by, created_date)
values (25,'crampy stomach pain', 8, null, 'system', '2022-12-02 12:00:00');
insert into answer (answer_id, answer, question_id, program_id, created_by, created_date)
values (26,'Knee pain', 9, null, 'system', '2022-12-02 12:00:00');
insert into answer (answer_id, answer, question_id, program_id, created_by, created_date)
values (27,'Ankle', 9, null, 'system', '2022-12-02 12:00:00');
insert into answer (answer_id, answer, question_id, program_id, created_by, created_date)
values (28,'Feet pain', 9, null, 'system', '2022-12-02 12:00:00');
insert into answer (answer_id, answer, question_id, program_id, created_by, created_date)
values (29,'Flat foot', 9, null, 'system', '2022-12-02 12:00:00');
insert into answer (answer_id, answer, question_id, program_id, created_by, created_date)
values (30,'Depression', 10, null, 'system', '2022-12-02 12:00:00');
insert into answer (answer_id, answer, question_id, program_id, created_by, created_date)
values (31,'Anxiety', 10, null, 'system', '2022-12-02 12:00:00');
insert into answer (answer_id, answer, question_id, program_id, created_by, created_date)
values (32,'Office tension', 10, null, 'system', '2022-12-02 12:00:00');
insert into answer (answer_id, answer, question_id, program_id, created_by, created_date)
values (33,'Relationship', 10, null, 'system', '2022-12-02 12:00:00');
insert into answer (answer_id, answer, question_id, program_id, created_by, created_date)
values (34,'Other issues', 10, null, 'system', '2022-12-02 12:00:00');

insert into answer (answer_id, answer, question_id, program_id, created_by, created_date)
values (35,'Not at all', 11, 106, 'system', '2022-12-02 12:00:00');
insert into answer (answer_id, answer, question_id, program_id, created_by, created_date)
values (36,'Several days', 11, 106, 'system', '2022-12-02 12:00:00');
insert into answer (answer_id, answer, question_id, program_id, created_by, created_date)
values (37,'More than half the days', 11, 106, 'system', '2022-12-02 12:00:00');
insert into answer (answer_id, answer, question_id, program_id, created_by, created_date)
values (38,'Nearly every day', 11, 106, 'system', '2022-12-02 12:00:00');

insert into answer (answer_id, answer, question_id, program_id, created_by, created_date)
values (39,'Not at all', 12, 106, 'system', '2022-12-02 12:00:00');
insert into answer (answer_id, answer, question_id, program_id, created_by, created_date)
values (41,'Several days', 12, 106, 'system', '2022-12-02 12:00:00');
insert into answer (answer_id, answer, question_id, program_id, created_by, created_date)
values (42,'More than half the days', 12, 106, 'system', '2022-12-02 12:00:00');
insert into answer (answer_id, answer, question_id, program_id, created_by, created_date)
values (43,'Nearly every day', 12, 106, 'system', '2022-12-02 12:00:00');

insert into answer (answer_id, answer, question_id, program_id, created_by, created_date)
values (44,'Not at all', 13, 106, 'system', '2022-12-02 12:00:00');
insert into answer (answer_id, answer, question_id, program_id, created_by, created_date)
values (45,'Several days', 13, 106, 'system', '2022-12-02 12:00:00');
insert into answer (answer_id, answer, question_id, program_id, created_by, created_date)
values (46,'More than half the days', 13, 106, 'system', '2022-12-02 12:00:00');
insert into answer (answer_id, answer, question_id, program_id, created_by, created_date)
values (47,'Nearly every day', 13, 106, 'system', '2022-12-02 12:00:00');

insert into answer (answer_id, answer, question_id, program_id, created_by, created_date)
values (48,'Not at all', 14, 106, 'system', '2022-12-02 12:00:00');
insert into answer (answer_id, answer, question_id, program_id, created_by, created_date)
values (49,'Several days', 14, 106, 'system', '2022-12-02 12:00:00');
insert into answer (answer_id, answer, question_id, program_id, created_by, created_date)
values (50,'More than half the days', 14, 106, 'system', '2022-12-02 12:00:00');
insert into answer (answer_id, answer, question_id, program_id, created_by, created_date)
values (51,'Nearly every day', 14, 106, 'system', '2022-12-02 12:00:00');

insert into answer (answer_id, answer, question_id, program_id, created_by, created_date)
values (52,'Not at all', 15, 106, 'system', '2022-12-02 12:00:00');
insert into answer (answer_id, answer, question_id, program_id, created_by, created_date)
values (53,'Several days', 15, 106, 'system', '2022-12-02 12:00:00');
insert into answer (answer_id, answer, question_id, program_id, created_by, created_date)
values (54,'More than half the days', 15, 106, 'system', '2022-12-02 12:00:00');
insert into answer (answer_id, answer, question_id, program_id, created_by, created_date)
values (55,'Nearly every day', 15, 106, 'system', '2022-12-02 12:00:00');

insert into answer (answer_id, answer, question_id, program_id, created_by, created_date)
values (56,'Not at all', 16, 106, 'system', '2022-12-02 12:00:00');
insert into answer (answer_id, answer, question_id, program_id, created_by, created_date)
values (57,'Several days', 16, 106, 'system', '2022-12-02 12:00:00');
insert into answer (answer_id, answer, question_id, program_id, created_by, created_date)
values (58,'More than half the days', 16, 106, 'system', '2022-12-02 12:00:00');
insert into answer (answer_id, answer, question_id, program_id, created_by, created_date)
values (59,'Nearly every day', 16, 106, 'system', '2022-12-02 12:00:00');

insert into answer (answer_id, answer, question_id, program_id, created_by, created_date)
values (60,'Several days', 17, 103, 'system', '2022-12-02 12:00:00');
insert into answer (answer_id, answer, question_id, program_id, created_by, created_date)
values (61,'Once in a week', 17, 103, 'system', '2022-12-02 12:00:00');
insert into answer (answer_id, answer, question_id, program_id, created_by, created_date)
values (62,'Once in a month', 17, 103, 'system', '2022-12-02 12:00:00');

insert into answer (answer_id, answer, question_id, program_id, created_by, created_date)
values (63,'No', 18, 103, 'system', '2022-12-02 12:00:00');
insert into answer (answer_id, answer, question_id, program_id, created_by, created_date)
values (64,'Yes', 18, 103, 'system', '2022-12-02 12:00:00');

commit;
